<?xml version="1.0" encoding="UTF-8"?>
<configuration>

    <!-- 콘솔에 로그 출력 -->
    <appender name="CONSOLE" class="ch.qos.logback.core.ConsoleAppender">
        <encoder>
            <pattern>%d{yyyy-MM-dd HH:mm:ss} [%thread] %-5level %logger{36} - %msg%n</pattern>
        </encoder>
    </appender>

    <!-- 로그 파일에 출력 -->
    <appender name="FILE" class="ch.qos.logback.core.rolling.RollingFileAppender">
        <!-- 로그 파일 경로 및 이름 -->
        <file>system.log</file>

        <!-- 로그 파일을 롤링하는 정책 (SizeBasedTriggeringPolicy 또는 TimeBasedRollingPolicy) -->
        <rollingPolicy class="ch.qos.logback.core.rolling.TimeBasedRollingPolicy">
            <!-- 매일 새로운 로그 파일 생성 -->
            <fileNamePattern>logs/application-%d{yyyy-MM-dd}.log</fileNamePattern>

            <!-- 일주일간 로그 파일 보관 -->
            <maxHistory>7</maxHistory>

            <!-- 파일 최대 용량 (선택사항) -->
            <totalSizeCap>1GB</totalSizeCap>
        </rollingPolicy>

        <encoder>
            <pattern>%d{yyyy-MM-dd HH:mm:ss} [%thread] %-5level %logger{36} - %msg%n</pattern>
        </encoder>
    </appender>

    <!-- 모든 로그를 FILE 및 CONSOLE에 출력 -->
    <root level="info">
        <appender-ref ref="CONSOLE"/>
        <appender-ref ref="FILE"/>
    </root>
</configuration>
